-- =========================
-- MOCK DATA FOR DATABASE
-- =========================

-- 1) users (50)
INSERT INTO users (id, role, name, email, password_hash, phone, avatar)
VALUES
(1,'seller','Shop Văn Phòng A','vppa@example.com','hash1','0987000101','https://i.pravatar.cc/150?img=1'),
(2,'seller','Shop Học Tập B','shtb@example.com','hash2','0987000102','https://i.pravatar.cc/150?img=2'),
(3,'seller','BookHouse','bookhouse@example.com','hash3','0987000103','https://i.pravatar.cc/150?img=3'),
(4,'seller','Fashion Corner','fashionc@example.com','hash4','0987000104','https://i.pravatar.cc/150?img=4'),
(5,'seller','Makeup Zone','makeupz@example.com','hash5','0987000105','https://i.pravatar.cc/150?img=5'),
(6,'seller','Stationery Hub','stationery@example.com','hash6','0987000106','https://i.pravatar.cc/150?img=6'),
(7,'seller','Tiny Paper','tinypaper@example.com','hash7','0987000107','https://i.pravatar.cc/150?img=7'),
(8,'seller','Study Gear','studygear@example.com','hash8','0987000108','https://i.pravatar.cc/150?img=8'),
(9,'seller','Accessory Spot','accspot@example.com','hash9','0987000109','https://i.pravatar.cc/150?img=9'),
(10,'seller','BeautyMart','beautym@example.com','hash10','0987000110','https://i.pravatar.cc/150?img=10'),
(11,'buyer','Nguyễn Văn A','a.nguyen@example.com','hash11','0911000001','https://i.pravatar.cc/150?img=11'),
(12,'buyer','Trần Thị B','b.tran@example.com','hash12','0911000002','https://i.pravatar.cc/150?img=12'),
(13,'buyer','Lê Văn C','c.le@example.com','hash13','0911000003','https://i.pravatar.cc/150?img=13'),
(14,'buyer','Phạm Thị D','d.pham@example.com','hash14','0911000004','https://i.pravatar.cc/150?img=14'),
(15,'buyer','Hoàng Minh E','e.hoang@example.com','hash15','0911000005','https://i.pravatar.cc/150?img=15'),
(16,'buyer','Vũ Thùy F','f.vu@example.com','hash16','0911000006','https://i.pravatar.cc/150?img=16'),
(17,'buyer','Đỗ Quốc G','g.do@example.com','hash17','0911000007','https://i.pravatar.cc/150?img=17'),
(18,'buyer','Ngô Thị H','h.ngo@example.com','hash18','0911000008','https://i.pravatar.cc/150?img=18'),
(19,'buyer','Bùi Văn I','i.bui@example.com','hash19','0911000009','https://i.pravatar.cc/150?img=19'),
(20,'buyer','Trịnh Lan J','j.trinh@example.com','hash20','0911000010','https://i.pravatar.cc/150?img=20'),
(21,'buyer','Phan Minh K','k.phan@example.com','hash21','0911000011','https://i.pravatar.cc/150?img=21'),
(22,'buyer','Đặng Thị L','l.dang@example.com','hash22','0911000012','https://i.pravatar.cc/150?img=22'),
(23,'buyer','Lưu Văn M','m.luu@example.com','hash23','0911000013','https://i.pravatar.cc/150?img=23'),
(24,'buyer','Hà Thị N','n.ha@example.com','hash24','0911000014','https://i.pravatar.cc/150?img=24'),
(25,'buyer','Trần Minh O','o.tran@example.com','hash25','0911000015','https://i.pravatar.cc/150?img=25'),
(26,'buyer','Nguyễn Thị P','p.nguyen@example.com','hash26','0911000016','https://i.pravatar.cc/150?img=26'),
(27,'buyer','Võ Văn Q','q.vo@example.com','hash27','0911000017','https://i.pravatar.cc/150?img=27'),
(28,'buyer','Lê Thị R','r.le@example.com','hash28','0911000018','https://i.pravatar.cc/150?img=28'),
(29,'buyer','Trương Văn S','s.truong@example.com','hash29','0911000019','https://i.pravatar.cc/150?img=29'),
(30,'buyer','Nguyễn Lan T','t.nguyen@example.com','hash30','0911000020','https://i.pravatar.cc/150?img=30'),
(31,'buyer','Phạm Văn U','u.pham@example.com','hash31','0911000021','https://i.pravatar.cc/150?img=31'),
(32,'buyer','Đào Thị V','v.dao@example.com','hash32','0911000022','https://i.pravatar.cc/150?img=32'),
(33,'buyer','Hồ Văn W','w.ho@example.com','hash33','0911000023','https://i.pravatar.cc/150?img=33'),
(34,'buyer','Mai Thị X','x.mai@example.com','hash34','0911000024','https://i.pravatar.cc/150?img=34'),
(35,'buyer','Phùng Văn Y','y.phung@example.com','hash35','0911000025','https://i.pravatar.cc/150?img=35'),
(36,'buyer','Ngô Minh Z','z.ngo@example.com','hash36','0911000026','https://i.pravatar.cc/150?img=36'),
(37,'buyer','Lý Văn AA','aa.ly@example.com','hash37','0911000027','https://i.pravatar.cc/150?img=37'),
(38,'buyer','Vũ Thị BB','bb.vu@example.com','hash38','0911000028','https://i.pravatar.cc/150?img=38'),
(39,'buyer','Trần Văn CC','cc.tran@example.com','hash39','0911000029','https://i.pravatar.cc/150?img=39'),
(40,'buyer','Nguyễn Thị DD','dd.nguyen@example.com','hash40','0911000030','https://i.pravatar.cc/150?img=40'),
(41,'buyer','Phạm Văn EE','ee.pham@example.com','hash41','0911000031','https://i.pravatar.cc/150?img=41'),
(42,'buyer','Bùi Thị FF','ff.bui@example.com','hash42','0911000032','https://i.pravatar.cc/150?img=42'),
(43,'buyer','Lê Văn GG','gg.le@example.com','hash43','0911000033','https://i.pravatar.cc/150?img=43'),
(44,'buyer','Trịnh Thị HH','hh.trinh@example.com','hash44','0911000034','https://i.pravatar.cc/150?img=44'),
(45,'buyer','Đỗ Văn II','ii.do@example.com','hash45','0911000035','https://i.pravatar.cc/150?img=45'),
(46,'buyer','Nguyễn Thị JJ','jj.nguyen@example.com','hash46','0911000036','https://i.pravatar.cc/150?img=46'),
(47,'buyer','Phan Văn KK','kk.phan@example.com','hash47','0911000037','https://i.pravatar.cc/150?img=47'),
(48,'buyer','Hoàng Thị LL','ll.hoang@example.com','hash48','0911000038','https://i.pravatar.cc/150?img=48'),
(49,'admin','Admin One','admin1@example.com','hash49','0909000001','https://i.pravatar.cc/150?img=49'),
(50,'admin','Admin Two','admin2@example.com','hash50','0909000002','https://i.pravatar.cc/150?img=50');

-- 2) user_addresses (50) - one address per user (gọn)
INSERT INTO user_addresses (id, user_id, street, ward, district, city, country, postal_code)
VALUES
(1,1,'Số 1, Đường A','Phường 1','Quận 1','Hồ Chí Minh','Việt Nam','700000'),
(2,2,'Số 2, Đường B','Phường 2','Quận 2','Hồ Chí Minh','Việt Nam','700001'),
(3,3,'Số 3, Đường C','Phường 3','Quận 3','Hà Nội','Việt Nam','100000'),
(4,4,'Số 4, Đường D','Phường 4','Quận 4','Hà Nội','Việt Nam','100001'),
(5,5,'Số 5, Đường E','Phường 5','Quận 5','Đà Nẵng','Việt Nam','550000'),
(6,6,'Số 6, Đường F','Phường 6','Quận 6','Hải Phòng','Việt Nam','180000'),
(7,7,'Số 7, Đường G','Phường 7','Quận 7','Cần Thơ','Việt Nam','940000'),
(8,8,'Số 8, Đường H','Phường 8','Quận 8','Nha Trang','Việt Nam','650000'),
(9,9,'Số 9, Đường I','Phường 9','Quận 9','Vũng Tàu','Việt Nam','780000'),
(10,10,'Số 10, Đường J','Phường 10','Quận 10','Huế','Việt Nam','560000'),
(11,11,'Số 11, Đường K','Phường 11','Quận 11','Hồ Chí Minh','Việt Nam','700011'),
(12,12,'Số 12, Đường L','Phường 12','Quận 12','Hà Nội','Việt Nam','100012'),
(13,13,'Số 13, Đường M','Phường 13','Quận 13','Đà Nẵng','Việt Nam','550013'),
(14,14,'Số 14, Đường N','Phường 14','Quận 14','Hải Phòng','Việt Nam','180014'),
(15,15,'Số 15, Đường O','Phường 15','Quận 15','Cần Thơ','Việt Nam','940015'),
(16,16,'Số 16, Đường P','Phường 16','Quận 16','Nha Trang','Việt Nam','650016'),
(17,17,'Số 17, Đường Q','Phường 17','Quận 17','Vũng Tàu','Việt Nam','780017'),
(18,18,'Số 18, Đường R','Phường 18','Quận 18','Huế','Việt Nam','560018'),
(19,19,'Số 19, Đường S','Phường 19','Quận 19','Hồ Chí Minh','Việt Nam','700019'),
(20,20,'Số 20, Đường T','Phường 20','Quận 20','Hà Nội','Việt Nam','100020'),
(21,21,'Số 21, Đường U','Phường 21','Quận 21','Đà Nẵng','Việt Nam','550021'),
(22,22,'Số 22, Đường V','Phường 22','Quận 22','Hải Phòng','Việt Nam','180022'),
(23,23,'Số 23, Đường W','Phường 23','Quận 23','Cần Thơ','Việt Nam','940023'),
(24,24,'Số 24, Đường X','Phường 24','Quận 24','Nha Trang','Việt Nam','650024'),
(25,25,'Số 25, Đường Y','Phường 25','Quận 25','Vũng Tàu','Việt Nam','780025'),
(26,26,'Số 26, Đường Z','Phường 26','Quận 26','Huế','Việt Nam','560026'),
(27,27,'Số 27, Đường AA','Phường 27','Quận 27','Hồ Chí Minh','Việt Nam','700027'),
(28,28,'Số 28, Đường BB','Phường 28','Quận 28','Hà Nội','Việt Nam','100028'),
(29,29,'Số 29, Đường CC','Phường 29','Quận 29','Đà Nẵng','Việt Nam','550029'),
(30,30,'Số 30, Đường DD','Phường 30','Quận 30','Hải Phòng','Việt Nam','180030'),
(31,31,'Số 31, Đường EE','Phường 31','Quận 31','Cần Thơ','Việt Nam','940031'),
(32,32,'Số 32, Đường FF','Phường 32','Quận 32','Nha Trang','Việt Nam','650032'),
(33,33,'Số 33, Đường GG','Phường 33','Quận 33','Vũng Tàu','Việt Nam','780033'),
(34,34,'Số 34, Đường HH','Phường 34','Quận 34','Huế','Việt Nam','560034'),
(35,35,'Số 35, Đường II','Phường 35','Quận 35','Hồ Chí Minh','Việt Nam','700035'),
(36,36,'Số 36, Đường JJ','Phường 36','Quận 36','Hà Nội','Việt Nam','100036'),
(37,37,'Số 37, Đường KK','Phường 37','Quận 37','Đà Nẵng','Việt Nam','550037'),
(38,38,'Số 38, Đường LL','Phường 38','Quận 38','Hải Phòng','Việt Nam','180038'),
(39,39,'Số 39, Đường MM','Phường 39','Quận 39','Cần Thơ','Việt Nam','940039'),
(40,40,'Số 40, Đường NN','Phường 40','Quận 40','Nha Trang','Việt Nam','650040'),
(41,41,'Số 41, Đường OO','Phường 41','Quận 41','Vũng Tàu','Việt Nam','780041'),
(42,42,'Số 42, Đường PP','Phường 42','Quận 42','Huế','Việt Nam','560042'),
(43,43,'Số 43, Đường QQ','Phường 43','Quận 43','Hồ Chí Minh','Việt Nam','700043'),
(44,44,'Số 44, Đường RR','Phường 44','Quận 44','Hà Nội','Việt Nam','100044'),
(45,45,'Số 45, Đường SS','Phường 45','Quận 45','Đà Nẵng','Việt Nam','550045'),
(46,46,'Số 46, Đường TT','Phường 46','Quận 46','Hải Phòng','Việt Nam','180046'),
(47,47,'Số 47, Đường UU','Phường 47','Quận 47','Cần Thơ','Việt Nam','940047'),
(48,48,'Số 48, Đường VV','Phường 48','Quận 48','Nha Trang','Việt Nam','650048'),
(49,49,'Số 49, Đường WW','Phường 49','Quận 49','Hồ Chí Minh','Việt Nam','700049'),
(50,50,'Số 50, Đường XX','Phường 50','Quận 50','Hà Nội','Việt Nam','100050');

-- 3) categories (50) - mix of top-level and subcategories
INSERT INTO categories (id, name, parent_id)
VALUES
(1,'Văn phòng phẩm',NULL),
(2,'Dụng cụ học tập',NULL),
(3,'Sách',NULL),
(4,'Thời trang & Phụ kiện',NULL),
(5,'Mỹ phẩm',NULL),
(6,'Bút viết',1),
(7,'Sổ & Tập',1),
(8,'Bìa & File',1),
(9,'Phụ kiện bàn làm việc',1),
(10,'Balo & Túi đựng',2),
(11,'Dụng cụ vẽ',2),
(12,'Thước & Công cụ học tập',2),
(13,'Đồ dùng lớp học',2),
(14,'Tiểu thuyết',3),
(15,'Sách học tập',3),
(16,'Sách kỹ năng',3),
(17,'Sách thiếu nhi',3),
(18,'Áo quần nữ',4),
(19,'Áo quần nam',4),
(20,'Phụ kiện tóc',4),
(21,'Trang sức',4),
(22,'Mỹ phẩm trang điểm',5),
(23,'Dưỡng da',5),
(24,'Chăm sóc tóc',5),
(25,'Sức khỏe & Vệ sinh',5),
(26,'Bút gel',6),
(27,'Bút bi',6),
(28,'Sổ tay A5',7),
(29,'Sổ kẻ ngang',7),
(30,'Binder',8),
(31,'Giá đỡ màn hình',9),
(32,'Balo học sinh',10),
(33,'Túi đựng bút',10),
(34,'Màu nước',11),
(35,'Bút màu',11),
(36,'Thước kẻ 30cm',12),
(37,'Compa',12),
(38,'Tranh dán lớp',13),
(39,'Tiểu thuyết VN',14),
(40,'Toán Lý Hóa',15),
(41,'Kỹ năng mềm',16),
(42,'Sách thiếu nhi tranh màu',17),
(43,'Đầm',18),
(44,'Áo thun',19),
(45,'Kẹp tóc',20),
(46,'Vòng cổ',21),
(47,'Phấn mắt',22),
(48,'Kem dưỡng ẩm',23),
(49,'Dầu gội',24),
(50,'Khẩu trang & giấy vệ sinh',25);

-- 4) products (50) - seller_id in 1..10
INSERT INTO products (id, seller_id, category_id, name, description, price, stock, rating_avg, review_count)
VALUES
(1,1,6,'Bút gel mịn 0.5','Bút gel viết êm, mực đen',12000.00,150,4.5,12),
(2,1,27,'Bút bi truyền thống','Bút bi xoay, mực đen',8000.00,200,4.2,8),
(3,2,28,'Sổ tay A5 - Kẻ ngang','Sổ bìa mềm, 100 trang',25000.00,120,4.7,20),
(4,2,29,'Sổ kẻ ngang A4','Sổ học tập, chất giấy tốt',45000.00,60,4.3,6),
(5,3,14,'Tiểu thuyết: Những người khốn khổ','Bản dịch tiếng Việt',89000.00,30,4.8,45),
(6,3,41,'Sách kỹ năng: Quản lý thời gian','Sách phát triển bản thân',99000.00,40,4.6,22),
(7,4,43,'Đầm nữ basic','Đầm cotton, nhiều size',199000.00,25,4.1,10),
(8,4,44,'Áo thun unisex','Áo thun cotton, dễ mặc',159000.00,80,4.4,18),
(9,5,47,'Phấn mắt mini palette','Bộ 6 màu, dễ đánh',149000.00,55,4.2,9),
(10,5,48,'Kem dưỡng ẩm 50ml','Dưỡng ẩm ban ngày',219000.00,70,4.5,14),
(11,6,32,'Balo học sinh chống thấm','Balo 2 ngăn, quai chắc',350000.00,40,3.9,5),
(12,6,33,'Túi đựng bút vải','Túi bút nhỏ gọn',45000.00,180,4.6,19),
(13,7,11,'Bộ màu nước 12 màu','Cho học sinh vẽ',80000.00,90,4.3,11),
(14,7,35,'Bút màu sáp 24 màu','Màu sáng và bền',65000.00,150,4.5,16),
(15,8,36,'Thước kẻ 30cm nhựa','Thước dẻo, dễ cầm',12000.00,300,4.0,4),
(16,8,37,'Compa vẽ tròn','Compa kim loại',50000.00,70,4.4,7),
(17,9,20,'Kẹp tóc nơ','Kẹp tóc nữ họa tiết nơ',35000.00,140,4.3,12),
(18,9,21,'Vòng cổ bạc đơn giản','Mặt tròn nhỏ',129000.00,60,4.6,13),
(19,10,49,'Dầu gội dưỡng 300ml','Dầu gội dưỡng ẩm',129000.00,90,4.1,6),
(20,10,25,'Khẩu trang y tế 50 cái','Hộp 50, dùng 1 lần',89000.00,500,4.0,3),
(21,1,7,'Sổ tay bullet journal','Giấy kraft, 120 trang',79000.00,45,4.7,21),
(22,2,8,'File bìa nhựa','File đựng tài liệu A4',25000.00,220,4.2,9),
(23,3,15,'Giáo trình Toán 12','Tập 1 - tập luyện',120000.00,35,4.4,8),
(24,4,18,'Áo khoác nữ nhẹ','Áo khoác mỏng, mùa thu',259000.00,28,4.0,5),
(25,5,22,'Phấn nền mini','Dưỡng nhẹ, tông tự nhiên',199000.00,65,4.2,8),
(26,6,9,'Giá đỡ điện thoại để bàn','Tiện lợi học online',99000.00,130,4.5,17),
(27,7,38,'Sticker trang trí lớp','Gói 50 miếng',39000.00,210,4.6,14),
(28,8,16,'Sách Kỹ năng giao tiếp','Practical tips',105000.00,48,4.5,10),
(29,9,45,'Kẹp tóc cài hoa','Phụ kiện mùa lễ',45000.00,110,4.4,9),
(30,10,23,'Serum dưỡng ẩm 30ml','Tinh chất dưỡng sâu',299000.00,40,4.7,11),
(31,1,26,'Bút gel màu xanh','Mực xanh, ngòi 0.5',12000.00,160,4.3,8),
(32,2,27,'Bút bi màu đỏ','Bút bi mực đỏ',8000.00,140,4.0,6),
(33,3,42,'Sách thiếu nhi: Cổ tích','Truyện tranh màu',79000.00,55,4.8,25),
(34,4,19,'Quần short nam','Quần thể thao',179000.00,60,4.1,7),
(35,5,24,'Dầu xả 300ml','Phục hồi tóc hư tổn',129000.00,80,4.3,9),
(36,6,30,'Binder 2 vòng','Đựng tài liệu A4',55000.00,150,4.2,7),
(37,7,31,'Giá đỡ màn hình laptop','Tối ưu tư thế ngồi',199000.00,30,4.4,6),
(38,8,34,'Màu nước 24 màu chuyên nghiệp','Hộp gỗ',150000.00,25,4.6,10),
(39,9,21,'Vòng cổ thời trang','Thiết kế trẻ trung',99000.00,70,4.0,5),
(40,10,47,'Phấn mắt tone nude','Bảng 4 màu',139000.00,45,4.1,6),
(41,1,32,'Balo chống gù học sinh','Thiết kế 2 ngăn',420000.00,22,3.8,4),
(42,2,33,'Túi bút da nhân tạo','Kiểu dáng nhỏ',69000.00,95,4.3,8),
(43,3,15,'Sách Luyện thi THPT','Bộ đề năm gần nhất',150000.00,40,4.5,12),
(44,4,18,'Váy maxi hoa','Vải nhẹ, in họa tiết',239000.00,35,4.2,9),
(45,5,22,'Phấn má hồng','Màu tự nhiên',129000.00,65,4.0,4),
(46,6,6,'Bút lông nét to','Dùng cho hội họa',22000.00,120,4.4,11),
(47,7,14,'Tiểu thuyết trẻ','Tác phẩm mới',99000.00,33,4.6,7),
(48,8,40,'Sách Toán Lý Hóa','Bài tập có đáp án',130000.00,27,4.3,5),
(49,9,20,'Turban cột tóc','Phụ kiện thời trang',59000.00,85,4.5,10),
(50,10,25,'Khẩu trang vải 5 chiếc','Reusable set',129000.00,200,3.9,3);

-- 5) product_images (50) - one image per product (gọn)
INSERT INTO product_images (id, product_id, image_url)
VALUES
(1,1,'but-gel-min.png'),
(2,2,'but-bi-truyen-thong.png'),
(3,3,'so-tay-a5.png'),
(4,4,'so-ke-ngang-a4.png'),
(5,5,'nhung-nguoi-khon-kho.png'),
(6,6,'quan-ly-thoi-gian.png'),
(7,7,'dam-nu-basic.jpg'),
(8,8,'ao-thun-unisex.jpg'),
(9,9,'phan-mat-mini.jpg'),
(10,10,'kem-duong-am.jpg'),
(11,11,'balo-hoc-sinh-chong-tham.jpg'),
(12,12,'tui-dung-but-vai.jpg'),
(13,13,'bo-mau-nuoc.jpg'),
(14,14,'but-mau-sap-24mau.jpg'),
(15,15,'thuoc-ke-30cm.jpg'),
(16,16,'compa.jpg'),
(17,17,'kep-toc-no.jpg'),
(18,18,'vong-co-bac.jpg'),
(19,19,'dau-goi-duong.png'),
(20,20,'khau-trang-yte.jpg'),
(21,21,'so-tay-bullet-journal.jpg'),
(22,22,'file-bia-nhua.jpg'),
(23,23,'giao-trinh-toan-12.png'),
(24,24,'ao-khoac-nu-nhe.jpg'),
(25,25,'phan-nen-mini.png'),
(26,26,'gia-do-dien-thoai.jpg'),
(27,27,'sticker-trang-tri.jpg'),
(28,28,'sach-ky-nang-giao-tiep.jpg'),
(29,29,'kep-toc-cai-hoa.jpg'),
(30,30,'serum-duong-am-30ml.png'),
(31,31,'but-gel-mau-xanh.png'),
(32,32,'but-bi-mau-do.png'),
(33,33,'sach-thieu-nhi-co-tich.png'),
(34,34,'quan-short-nam.jpg'),
(35,35,'dau-xa-300ml.jpg'),
(36,36,'binder-2-vong.jpg'),
(37,37,'gia-do-man-hinh-laptop.jpg'),
(38,38,'mau-nuoc-chuyen-nghiep.jpg'),
(39,39,'vong-co-thoi-trang.jpg'),
(40,40,'phan-mat-tone-nude.jpg'),
(41,41,'balo-chong-gu.jpg'),
(42,42,'tui-but-da-nhan-tao.jpg'),
(43,43,'sach-luyen-thi-thpt.jpg'),
(44,44,'vay-maxi-hoa.jpg'),
(45,45,'phan-ma-hong.png'),
(46,46,'but-long-net-to.jpg'),
(47,47,'tieu-thuyet-tre.jpg'),
(48,48,'sach-toan-ly-hoa.jpg'),
(49,49,'turban-cot-toc.jpg'),
(50,50,'khau-trang-vai.jpg');

-- 6) reviews (50) - various buyers review various products
INSERT INTO reviews (id, product_id, user_id, rating, comment)
VALUES
(1,1,11,5,'Viết trơn, mực đều'),
(2,2,12,4,'Giá hợp lý, dùng tốt'),
(3,3,13,5,'Sổ xịn, giấy dày'),
(4,4,14,4,'Tốt cho học tập'),
(5,5,15,5,'Câu chuyện cuốn hút'),
(6,6,16,4,'Nhiều mẹo hay'),
(7,7,17,3,'Size hơi lớn'),
(8,8,18,4,'Chất vải mềm'),
(9,9,19,4,'Màu lên đẹp'),
(10,10,20,5,'Dưỡng ẩm tốt'),
(11,11,21,3,'Kích thước hơi to'),
(12,12,22,5,'Tiện mang theo'),
(13,13,23,4,'Màu sắc sống động'),
(14,14,24,5,'Bút màu đẹp'),
(15,15,25,4,'Dùng ổn cho lớp'),
(16,16,26,4,'Chắc chắn khi dùng'),
(17,17,27,5,'Dễ cài, bền'),
(18,18,28,5,'Đẹp, hợp gu'),
(19,19,29,4,'Thơm và dịu da'),
(20,20,30,3,'Số lượng lớn, ok'),
(21,21,31,5,'Sổ đẹp, phù hợp viết tay'),
(22,22,32,4,'Chắc chắn, rẻ'),
(23,23,33,5,'Giáo trình rõ ràng'),
(24,24,34,4,'Áo ấm, nhẹ'),
(25,25,35,4,'Tone hợp da'),
(26,26,36,5,'Tiện khi học online'),
(27,27,37,4,'Sticker dễ dán'),
(28,28,38,5,'Hữu ích cho giao tiếp'),
(29,29,39,4,'Phong cách dễ thương'),
(30,30,40,5,'Hiệu quả dưỡng ẩm'),
(31,31,41,4,'Mực xanh đậm'),
(32,32,42,3,'Mực đỏ hơi nhạt'),
(33,33,43,5,'Truyện con thích'),
(34,34,44,4,'Quần mặc thoải mái'),
(35,35,45,4,'Tóc mượt sau dùng'),
(36,36,46,4,'Binder chắc chắn'),
(37,37,47,4,'Giá đỡ tiện lợi'),
(38,38,48,5,'Màu nước đẹp'),
(39,39,11,4,'Vòng cổ hợp phong cách'),
(40,40,12,4,'Bảng màu dùng ổn'),
(41,41,13,3,'Balo hơi nặng'),
(42,42,14,4,'Túi bút đẹp'),
(43,43,15,5,'Tài liệu hữu ích'),
(44,44,16,4,'Váy xinh'),
(45,45,17,4,'Phấn má tự nhiên'),
(46,46,18,4,'Bút lông đều mực'),
(47,47,19,5,'Tác phẩm hay'),
(48,48,20,4,'Bài tập có lời giải'),
(49,49,21,5,'Phụ kiện đẹp'),
(50,50,22,3,'Khẩu trang sử dụng được');

-- 7) carts (50) - one per user, id = user id for simplicity (unique user_id)



-- 8) cart_items (50) - reference carts and products


-- 9) orders (50) - each order corresponds to product id = order id (for simplicity)
-- shipping_address stored as JSON (short)
INSERT INTO orders (id, user_id, seller_id, total_amount, payment_method, payment_status, order_status, shipping_address)
VALUES
(1,11,1,24000.00,'momo','paid','delivered','{\"street\":\"Số 11, Đường K\",\"ward\":\"Phường 11\",\"district\":\"Quận 11\",\"city\":\"Hồ Chí Minh\"}'),
(2,12,1,16000.00,'vnpay','paid','delivered','{\"street\":\"Số 12, Đường L\",\"ward\":\"Phường 12\",\"district\":\"Quận 12\",\"city\":\"Hà Nội\"}'),
(3,13,2,25000.00,'cod','pending','shipping','{\"street\":\"Số 13, Đường M\",\"ward\":\"Phường 13\",\"district\":\"Quận 13\",\"city\":\"Đà Nẵng\"}'),
(4,14,2,90000.00,'stripe','paid','delivered','{\"street\":\"Số 14, Đường N\",\"ward\":\"Phường 14\",\"district\":\"Quận 14\",\"city\":\"Hải Phòng\"}'),
(5,15,3,89000.00,'momo','paid','delivered','{\"street\":\"Số 15, Đường O\",\"ward\":\"Phường 15\",\"district\":\"Quận 15\",\"city\":\"Cần Thơ\"}'),
(6,16,3,99000.00,'vnpay','paid','confirmed','{\"street\":\"Số 16, Đường P\",\"ward\":\"Phường 16\",\"district\":\"Quận 16\",\"city\":\"Nha Trang\"}'),
(7,17,4,199000.00,'cod','pending','pending','{\"street\":\"Số 17, Đường Q\",\"ward\":\"Phường 17\",\"district\":\"Quận 17\",\"city\":\"Vũng Tàu\"}'),
(8,18,4,318000.00,'stripe','paid','shipping','{\"street\":\"Số 18, Đường R\",\"ward\":\"Phường 18\",\"district\":\"Quận 18\",\"city\":\"Huế\"}'),
(9,19,5,149000.00,'momo','paid','delivered','{\"street\":\"Số 19, Đường S\",\"ward\":\"Phường 19\",\"district\":\"Quận 19\",\"city\":\"Hồ Chí Minh\"}'),
(10,20,5,219000.00,'vnpay','failed','cancelled','{\"street\":\"Số 20, Đường T\",\"ward\":\"Phường 20\",\"district\":\"Quận 20\",\"city\":\"Hà Nội\"}'),
(11,21,6,350000.00,'cod','pending','confirmed','{\"street\":\"Số 21, Đường U\",\"ward\":\"Phường 21\",\"district\":\"Quận 21\",\"city\":\"Đà Nẵng\"}'),
(12,22,6,45000.00,'momo','paid','delivered','{\"street\":\"Số 22, Đường V\",\"ward\":\"Phường 22\",\"district\":\"Quận 22\",\"city\":\"Hải Phòng\"}'),
(13,23,7,80000.00,'vnpay','paid','delivered','{\"street\":\"Số 23, Đường W\",\"ward\":\"Phường 23\",\"district\":\"Quận 23\",\"city\":\"Cần Thơ\"}'),
(14,24,7,65000.00,'stripe','paid','delivered','{\"street\":\"Số 24, Đường X\",\"ward\":\"Phường 24\",\"district\":\"Quận 24\",\"city\":\"Nha Trang\"}'),
(15,25,8,12000.00,'momo','paid','delivered','{\"street\":\"Số 25, Đường Y\",\"ward\":\"Phường 25\",\"district\":\"Quận 25\",\"city\":\"Vũng Tàu\"}'),
(16,26,8,50000.00,'vnpay','paid','shipping','{\"street\":\"Số 26, Đường Z\",\"ward\":\"Phường 26\",\"district\":\"Quận 26\",\"city\":\"Huế\"}'),
(17,27,9,35000.00,'stripe','paid','delivered','{\"street\":\"Số 27, Đường AA\",\"ward\":\"Phường 27\",\"district\":\"Quận 27\",\"city\":\"Hồ Chí Minh\"}'),
(18,28,9,105000.00,'momo','paid','delivered','{\"street\":\"Số 28, Đường BB\",\"ward\":\"Phường 28\",\"district\":\"Quận 28\",\"city\":\"Hà Nội\"}'),
(19,29,10,45000.00,'vnpay','paid','delivered','{\"street\":\"Số 29, Đường CC\",\"ward\":\"Phường 29\",\"district\":\"Quận 29\",\"city\":\"Đà Nẵng\"}'),
(20,30,10,299000.00,'stripe','paid','shipping','{\"street\":\"Số 30, Đường DD\",\"ward\":\"Phường 30\",\"district\":\"Quận 30\",\"city\":\"Hải Phòng\"}'),
(21,31,1,360000.00,'momo','paid','delivered','{\"street\":\"Số 31, Đường EE\",\"ward\":\"Phường 31\",\"district\":\"Quận 31\",\"city\":\"Cần Thơ\"}'),
(22,32,2,69000.00,'vnpay','paid','delivered','{\"street\":\"Số 32, Đường FF\",\"ward\":\"Phường 32\",\"district\":\"Quận 32\",\"city\":\"Nha Trang\"}'),
(23,33,3,79000.00,'stripe','paid','delivered','{\"street\":\"Số 33, Đường GG\",\"ward\":\"Phường 33\",\"district\":\"Quận 33\",\"city\":\"Vũng Tàu\"}'),
(24,34,4,179000.00,'momo','paid','delivered','{\"street\":\"Số 34, Đường HH\",\"ward\":\"Phường 34\",\"district\":\"Quận 34\",\"city\":\"Huế\"}'),
(25,35,5,129000.00,'vnpay','paid','delivered','{\"street\":\"Số 35, Đường II\",\"ward\":\"Phường 35\",\"district\":\"Quận 35\",\"city\":\"Hồ Chí Minh\"}'),
(26,36,6,55000.00,'stripe','paid','confirmed','{\"street\":\"Số 36, Đường JJ\",\"ward\":\"Phường 36\",\"district\":\"Quận 36\",\"city\":\"Hà Nội\"}'),
(27,37,7,199000.00,'momo','paid','shipping','{\"street\":\"Số 37, Đường KK\",\"ward\":\"Phường 37\",\"district\":\"Quận 37\",\"city\":\"Đà Nẵng\"}'),
(28,38,8,150000.00,'vnpay','paid','delivered','{\"street\":\"Số 38, Đường LL\",\"ward\":\"Phường 38\",\"district\":\"Quận 38\",\"city\":\"Hải Phòng\"}'),
(29,39,9,99000.00,'stripe','paid','delivered','{\"street\":\"Số 39, Đường MM\",\"ward\":\"Phường 39\",\"district\":\"Quận 39\",\"city\":\"Cần Thơ\"}'),
(30,40,10,139000.00,'momo','paid','delivered','{\"street\":\"Số 40, Đường NN\",\"ward\":\"Phường 40\",\"district\":\"Quận 40\",\"city\":\"Nha Trang\"}'),
(31,41,1,420000.00,'vnpay','pending','pending','{\"street\":\"Số 41, Đường OO\",\"ward\":\"Phường 41\",\"district\":\"Quận 41\",\"city\":\"Vũng Tàu\"}'),
(32,42,2,69000.00,'stripe','paid','delivered','{\"street\":\"Số 42, Đường PP\",\"ward\":\"Phường 42\",\"district\":\"Quận 42\",\"city\":\"Huế\"}'),
(33,43,3,150000.00,'momo','paid','delivered','{\"street\":\"Số 43, Đường QQ\",\"ward\":\"Phường 43\",\"district\":\"Quận 43\",\"city\":\"Hồ Chí Minh\"}'),
(34,44,4,239000.00,'vnpay','paid','shipping','{\"street\":\"Số 44, Đường RR\",\"ward\":\"Phường 44\",\"district\":\"Quận 44\",\"city\":\"Hà Nội\"}'),
(35,45,5,129000.00,'stripe','paid','delivered','{\"street\":\"Số 45, Đường SS\",\"ward\":\"Phường 45\",\"district\":\"Quận 45\",\"city\":\"Đà Nẵng\"}'),
(36,46,6,22000.00,'momo','paid','delivered','{\"street\":\"Số 46, Đường TT\",\"ward\":\"Phường 46\",\"district\":\"Quận 46\",\"city\":\"Hải Phòng\"}'),
(37,47,7,99000.00,'vnpay','paid','delivered','{\"street\":\"Số 47, Đường UU\",\"ward\":\"Phường 47\",\"district\":\"Quận 47\",\"city\":\"Cần Thơ\"}'),
(38,48,8,130000.00,'stripe','paid','confirmed','{\"street\":\"Số 48, Đường VV\",\"ward\":\"Phường 48\",\"district\":\"Quận 48\",\"city\":\"Nha Trang\"}'),
(39,49,9,59000.00,'momo','paid','delivered','{\"street\":\"Số 49, Đường WW\",\"ward\":\"Phường 49\",\"district\":\"Quận 49\",\"city\":\"Hồ Chí Minh\"}'),
(40,50,10,129000.00,'vnpay','paid','shipping','{\"street\":\"Số 50, Đường XX\",\"ward\":\"Phường 50\",\"district\":\"Quận 50\",\"city\":\"Hà Nội\"}'),
(41,11,1,16000.00,'momo','paid','delivered','{\"street\":\"Số 11, Đường K\",\"ward\":\"Phường 11\",\"district\":\"Quận 11\",\"city\":\"Hồ Chí Minh\"}'),
(42,12,2,90000.00,'vnpay','paid','delivered','{\"street\":\"Số 12, Đường L\",\"ward\":\"Phường 12\",\"district\":\"Quận 12\",\"city\":\"Hà Nội\"}'),
(43,13,3,25000.00,'stripe','paid','delivered','{\"street\":\"Số 13, Đường M\",\"ward\":\"Phường 13\",\"district\":\"Quận 13\",\"city\":\"Đà Nẵng\"}'),
(44,14,4,159000.00,'momo','paid','delivered','{\"street\":\"Số 14, Đường N\",\"ward\":\"Phường 14\",\"district\":\"Quận 14\",\"city\":\"Hải Phòng\"}'),
(45,15,5,129000.00,'vnpay','paid','delivered','{\"street\":\"Số 15, Đường O\",\"ward\":\"Phường 15\",\"district\":\"Quận 15\",\"city\":\"Cần Thơ\"}'),
(46,16,6,99000.00,'stripe','paid','delivered','{\"street\":\"Số 16, Đường P\",\"ward\":\"Phường 16\",\"district\":\"Quận 16\",\"city\":\"Nha Trang\"}'),
(47,17,7,39000.00,'momo','paid','delivered','{\"street\":\"Số 17, Đường Q\",\"ward\":\"Phường 17\",\"district\":\"Quận 17\",\"city\":\"Vũng Tàu\"}'),
(48,18,8,150000.00,'vnpay','paid','delivered','{\"street\":\"Số 18, Đường R\",\"ward\":\"Phường 18\",\"district\":\"Quận 18\",\"city\":\"Huế\"}'),
(49,19,9,99000.00,'stripe','paid','delivered','{\"street\":\"Số 19, Đường S\",\"ward\":\"Phường 19\",\"district\":\"Quận 19\",\"city\":\"Hồ Chí Minh\"}'),
(50,20,10,219000.00,'momo','paid','delivered','{\"street\":\"Số 20, Đường T\",\"ward\":\"Phường 20\",\"district\":\"Quận 20\",\"city\":\"Hà Nội\"}');

-- 10) order_items (50) - one item per order for simplicity
INSERT INTO order_items (id, order_id, product_id, name, price, quantity)
VALUES
(1,1,1,'Bút gel mịn 0.5',12000.00,2),
(2,2,2,'Bút bi truyền thống',8000.00,2),
(3,3,3,'Sổ tay A5 - Kẻ ngang',25000.00,1),
(4,4,4,'Sổ kẻ ngang A4',90000.00,1),
(5,5,5,'Tiểu thuyết: Những người khốn khổ',89000.00,1),
(6,6,6,'Sách kỹ năng: Quản lý thời gian',99000.00,1),
(7,7,7,'Đầm nữ basic',199000.00,1),
(8,8,8,'Áo thun unisex',159000.00,2),
(9,9,9,'Phấn mắt mini palette',149000.00,1),
(10,10,10,'Kem dưỡng ẩm 50ml',219000.00,1),
(11,11,11,'Balo học sinh chống thấm',350000.00,1),
(12,12,12,'Túi đựng bút vải',45000.00,1),
(13,13,13,'Bộ màu nước 12 màu',80000.00,1),
(14,14,14,'Bút màu sáp 24 màu',65000.00,1),
(15,15,15,'Thước kẻ 30cm nhựa',12000.00,1),
(16,16,16,'Compa vẽ tròn',50000.00,1),
(17,17,17,'Kẹp tóc nơ',35000.00,1),
(18,18,18,'Vòng cổ bạc đơn giản',129000.00,1),
(19,19,19,'Dầu gội dưỡng 300ml',129000.00,1),
(20,20,20,'Khẩu trang y tế 50 cái',89000.00,1),
(21,21,21,'Sổ tay bullet journal',79000.00,1),
(22,22,22,'File bìa nhựa',25000.00,1),
(23,23,23,'Giáo trình Toán 12',120000.00,1),
(24,24,24,'Áo khoác nữ nhẹ',259000.00,1),
(25,25,25,'Phấn nền mini',199000.00,1),
(26,26,26,'Giá đỡ điện thoại để bàn',99000.00,1),
(27,27,27,'Sticker trang trí lớp',39000.00,1),
(28,28,28,'Sách Kỹ năng giao tiếp',105000.00,1),
(29,29,29,'Kẹp tóc cài hoa',45000.00,1),
(30,30,30,'Serum dưỡng ẩm 30ml',299000.00,1),
(31,31,31,'Bút gel màu xanh',12000.00,3),
(32,32,32,'Bút bi màu đỏ',8000.00,2),
(33,33,33,'Sách thiếu nhi: Cổ tích',79000.00,1),
(34,34,34,'Quần short nam',179000.00,1),
(35,35,35,'Dầu xả 300ml',129000.00,1),
(36,36,36,'Binder 2 vòng',55000.00,1),
(37,37,37,'Giá đỡ màn hình laptop',199000.00,1),
(38,38,38,'Màu nước 24 màu chuyên nghiệp',150000.00,1),
(39,39,39,'Vòng cổ thời trang',99000.00,1),
(40,40,40,'Phấn mắt tone nude',139000.00,1),
(41,41,41,'Balo chống gù học sinh',420000.00,1),
(42,42,42,'Túi bút da nhân tạo',69000.00,1),
(43,43,43,'Sách Luyện thi THPT',150000.00,1),
(44,44,44,'Váy maxi hoa',239000.00,1),
(45,45,45,'Phấn má hồng',129000.00,1),
(46,46,46,'Bút lông nét to',22000.00,1),
(47,47,47,'Tiểu thuyết trẻ',99000.00,1),
(48,48,48,'Sách Toán Lý Hóa',130000.00,1),
(49,49,49,'Turban cột tóc',59000.00,1),
(50,50,50,'Khẩu trang vải 5 chiếc',129000.00,1);

-- 11) transactions (50) - one per order (status varied)
INSERT INTO transactions (id, order_id, user_id, provider, amount, status, transaction_code)
VALUES
(1,1,11,'momo',24000.00,'success','TRANS0001'),
(2,2,12,'vnpay',16000.00,'success','TRANS0002'),
(3,3,13,'cod',25000.00,'pending','TRANS0003'),
(4,4,14,'stripe',90000.00,'success','TRANS0004'),
(5,5,15,'momo',89000.00,'success','TRANS0005'),
(6,6,16,'vnpay',99000.00,'success','TRANS0006'),
(7,7,17,'cod',199000.00,'pending','TRANS0007'),
(8,8,18,'stripe',318000.00,'success','TRANS0008'),
(9,9,19,'momo',149000.00,'success','TRANS0009'),
(10,10,20,'vnpay',219000.00,'failed','TRANS0010'),
(11,11,21,'cod',350000.00,'pending','TRANS0011'),
(12,12,22,'momo',45000.00,'success','TRANS0012'),
(13,13,23,'vnpay',80000.00,'success','TRANS0013'),
(14,14,24,'stripe',65000.00,'success','TRANS0014'),
(15,15,25,'momo',12000.00,'success','TRANS0015'),
(16,16,26,'vnpay',50000.00,'success','TRANS0016'),
(17,17,27,'stripe',35000.00,'success','TRANS0017'),
(18,18,28,'momo',105000.00,'success','TRANS0018'),
(19,19,29,'vnpay',45000.00,'success','TRANS0019'),
(20,20,30,'stripe',299000.00,'success','TRANS0020'),
(21,21,31,'momo',360000.00,'success','TRANS0021'),
(22,22,32,'vnpay',69000.00,'success','TRANS0022'),
(23,23,33,'stripe',79000.00,'success','TRANS0023'),
(24,24,34,'momo',179000.00,'success','TRANS0024'),
(25,25,35,'vnpay',129000.00,'success','TRANS0025'),
(26,26,36,'stripe',55000.00,'success','TRANS0026'),
(27,27,37,'momo',199000.00,'success','TRANS0027'),
(28,28,38,'vnpay',150000.00,'success','TRANS0028'),
(29,29,39,'stripe',99000.00,'success','TRANS0029'),
(30,30,40,'momo',139000.00,'success','TRANS0030'),
(31,31,41,'vnpay',420000.00,'pending','TRANS0031'),
(32,32,42,'stripe',69000.00,'success','TRANS0032'),
(33,33,43,'momo',150000.00,'success','TRANS0033'),
(34,34,44,'vnpay',239000.00,'success','TRANS0034'),
(35,35,45,'stripe',129000.00,'success','TRANS0035'),
(36,36,46,'momo',22000.00,'success','TRANS0036'),
(37,37,47,'vnpay',99000.00,'success','TRANS0037'),
(38,38,48,'stripe',130000.00,'success','TRANS0038'),
(39,39,49,'momo',59000.00,'success','TRANS0039'),
(40,40,50,'vnpay',129000.00,'success','TRANS0040'),
(41,41,11,'momo',16000.00,'success','TRANS0041'),
(42,42,12,'vnpay',90000.00,'success','TRANS0042'),
(43,43,13,'stripe',25000.00,'success','TRANS0043'),
(44,44,14,'momo',159000.00,'success','TRANS0044'),
(45,45,15,'vnpay',129000.00,'success','TRANS0045'),
(46,46,16,'stripe',99000.00,'success','TRANS0046'),
(47,47,17,'momo',39000.00,'success','TRANS0047'),
(48,48,18,'vnpay',150000.00,'success','TRANS0048'),
(49,49,19,'stripe',99000.00,'success','TRANS0049'),
(50,50,20,'momo',219000.00,'success','TRANS0050');

-- 12) otps (50) - otp codes random-ish, expires_at future-ish (use DATETIME strings)

-- End of mock data inserts
